sample_id	latitude	longitude
SAMEA2619974	20.8322	63.6004
SAMEA2623446	9.84705	-80.053
SAMEA2619857	22.0375	38.2242
SAMEA2619879	18.3992	39.865
SAMEA2623426	7.4141	-79.306
SAMN08714535	22.34	114.27
SAMN08714628	22.34	114.27
SAMEA2619970	20.8322	63.6004
SAMEA2623314	14.1746	-116.6627
SAMEA2623390	6.3744	-103.0644
SAMN05224480	48.59166667	-123.505
SAMN05224481	48.59166667	-123.505
SAMN05224487	48.59166667	-123.505
SAMN05224534	48.59166667	-123.505
SAMN05224443	48.59166667	-123.505
SAMN05224484	48.59166667	-123.505
SAMN05224412	48.59166667	-123.505
SAMN05224477	48.59166667	-123.505
SAMN05224459	48.59166667	-123.505
SAMN05224463	48.59166667	-123.505
SAMN05224401	48.59166667	-123.505
SAMN05224474	48.59166667	-123.505
SAMN05992386	37.3536	-0.286194
SAMEA2623756	34.0274	-56.8759
SAMN04325110	38.8175	25.2594
SAMN05991696	22.75	-158.0
SAMN05991710	22.75	-158.0
SAMN05991682	22.75	-158.0
SAMN13674978	80.03	179.55
SAMEA2621092	-20.3716	-3.215
SAMEA2621232	-20.952	-35.2268
SAMEA2621551	-61.9794	-49.4315
SAMEA2622362	2.08285	-84.5326
SAMEA2623295	14.2046	-116.6714
SAMEA2621101	-20.3716	-3.215
SAMN13674977	-60.01	73.61
SAMEA4397730	78.0912	116.1096
SAMN07136755	-32.5	-176.0
SAMN07136798	-32.515	-164.9812
SAMN05991726	22.75	-158.0
SAMN05991705	22.75	-158.0
SAMN05991684	22.75	-158.0
SAMN05991691	22.75	-158.0
SAMN05991657	22.75	-158.0
SAMN05991664	22.75	-158.0
SAMN05991719	22.75	-158.0
SAMN05991678	22.75	-158.0
SAMN05991665	22.75	-158.0
SAMN05991733	22.75	-158.0
SAMN05991685	22.75	-158.0
SAMN06267284	75.2588	-156.0227
SAMN06267281	73.2247	-150.2247
SAMN04579666	-37.8305	-41.1248
SAMN07510719	45.0	153.5
SAMN07137096	31.66	-64.16
SAMN07137099	31.66	-64.16
SAMN07137114	31.66	-64.16
SAMN07137021	22.75	-158.0
SAMN07136594	39.6922	-69.8629
SAMN07136555	22.333	-35.867
SAMN07136554	22.333	-35.867
SAMN07136590	27.583	-49.633
SAMN07136589	27.583	-49.633
SAMN07136541	24.1497	-40.2179
SAMN07136540	24.1497	-40.2179
SAMN07136574	26.1369	-44.8262
SAMN07136579	17.4	-24.5
SAMN05991713	22.75	-158.0
SAMN05991671	22.75	-158.0
SAMN04578346	10.9107	-44.6678
SAMN03943733	26.0059	-92.3661
SAMN05422171	-28.4063	179.1413
SAMN05991720	22.75	-158.0
SAMN03943732	26.0059	-92.3661
SAMN03860284	22.046	37.929
SAMN03860296	25.772	36.116
SAMN03860272	18.58	40.743
SAMN03860278	20.525	38.781
SAMN03860290	23.604	37.054
SAMN03860266	17.996	39.799
SAMN03860265	17.996	39.799
SAMN03860302	27.897	34.507
SAMN05224428	48.59166667	-123.505
SAMN03860283	22.046	37.929
SAMN05422191	-3.03	-27.33
SAMN05422123	-9.12	-30.19
SAMN05422188	-22.97	-36.95
SAMN05422108	-30.3327	103.3075
SAMN05224523	48.59166667	-123.505
SAMN05224533	48.59166667	-123.505
SAMN05224535	48.59166667	-123.505
SAMN05224455	48.59166667	-123.505
SAMN05224422	48.59166667	-123.505
SAMN05224393	48.59166667	-123.505
SAMN05224410	48.59166667	-123.505
SAMN03860271	18.58	40.743
SAMN05224479	48.59166667	-123.505
SAMN05224483	48.59166667	-123.505
SAMN05224429	48.59166667	-123.505
SAMN05224441	48.59166667	-123.505
SAMN05224512	48.59166667	-123.505
SAMN05224518	48.59166667	-123.505
SAMN05224513	48.59166667	-123.505
SAMN05224525	48.59166667	-123.505
SAMN05224530	48.59166667	-123.505
SAMN05224531	48.59166667	-123.505
SAMN05224515	48.59166667	-123.505
SAMN05224528	48.59166667	-123.505
SAMN05224520	48.59166667	-123.505
SAMN05224522	48.59166667	-123.505
SAMN05224496	48.59166667	-123.505
SAMN05224495	48.59166667	-123.505
SAMN05224497	48.59166667	-123.505
SAMN05224407	48.59166667	-123.505
SAMN05224405	48.59166667	-123.505
SAMN05224472	48.59166667	-123.505
SAMN05224417	48.59166667	-123.505
SAMN05224423	48.59166667	-123.505
SAMN05224454	48.59166667	-123.505
SAMN05224458	48.59166667	-123.505
SAMN05224489	48.59166667	-123.505
SAMN05224490	48.59166667	-123.505
SAMN05224491	48.59166667	-123.505
SAMN05224492	48.59166667	-123.505
SAMN05224433	48.59166667	-123.505
SAMN05224473	48.59166667	-123.505
SAMN05224439	48.59166667	-123.505
SAMEA2620890	-35.2474	26.3109
SAMEA2623693	34.6358	-71.2612
SAMEA2623868	36.196	-28.8681
SAMEA2621021	-31.0264	4.68135
SAMN07137003	22.75	-158.0
SAMN07136762	33.4334	-58.0503
SAMN07136947	-34.8953	16.0769
SAMN07136950	-34.8953	16.0769
SAMN07136948	-34.8953	16.0769
SAMN07136717	17.3998	-24.4998
SAMN07136548	38.655	-69.1313
SAMN07136547	38.655	-69.1313
SAMN05991702	22.75	-158.0
SAMEA2622710	-8.90095	-140.3002
SAMEA2622817	-8.90305	-142.59
SAMEA2622716	-8.90095	-140.3002
SAMEA2622765	-9.1528	-140.525
SAMEA2622799	-9.0692	-140.616
SAMEA2622842	-8.9051	-142.5614
SAMEA2620021	19.0196	64.5223
SAMEA2620217	14.5456	70.0186
SAMEA2620259	5.99975	73.9104
SAMEA2620828	-29.5228	37.8852
SAMEA2622690	-8.98475	-139.1835
SAMEA2622901	0.0049	-153.6951
SAMEA2622736	-8.90345	-140.2853
SAMEA2622841	-8.9051	-142.5614
SAMN05192608	18.900883	-108.80265
SAMN03860269	18.58	40.743
SAMEA2621287	-30.2463	-43.292
SAMEA4396468	54.6155	-16.7036
SAMEA4397004	67.2182	0.2857
SAMEA4397072	76.0702	1.38595
SAMEA4397355	79.2169	66.4788
SAMN06267287	77.0991	-150.2252
SAMN07136635	47.8007	-39.399
SAMN07137057	22.75	-158.0
SAMN07137108	31.66	-64.16
SAMN07136637	47.8007	-39.399
SAMN07136642	31.6667	-64.167
SAMN07136641	31.6667	-64.167
SAMN07136525	16.8312	-56.2685
SAMN07136765	33.4334	-58.0503
SAMN07136494	46.312	-39.658
SAMN05991731	22.75	-158.0
SAMN05991703	22.75	-158.0
SAMN05991662	22.75	-158.0
SAMN05991689	22.75	-158.0
SAMN05991724	22.75	-158.0
SAMN05991669	22.75	-158.0
SAMN10839330	37.3536	-0.286194
SAMEA2622822	-8.90305	-142.59
SAMEA2622197	-5.26905	-85.2336
SAMEA2622429	-1.85465	-84.6212
SAMN10839294	37.3536	-0.286194
SAMEA2619667	35.7491	14.2948
SAMEA2619782	39.3874	19.4082
SAMEA2620855	-35.1908	26.29
SAMEA2620929	-34.9218	17.9744
SAMEA2620950	-34.8689	18.0798
SAMEA2621013	-31.0264	4.68135
SAMEA2621037	-31.0203	4.6867
SAMEA2621216	-21.0484	-35.371
SAMEA2621272	-30.149	-43.2596
SAMEA2623673	34.7526	-71.2566
SAMEA2623850	36.1552	-28.9914
SAMEA2621020	-31.0264	4.68135
SAMEA2621044	-31.0203	4.6867
SAMEA2621045	-31.0203	4.6867
SAMEA2621075	-20.4034	-3.1884
SAMEA2621076	-20.4034	-3.1884
SAMEA2621221	-21.0484	-35.371
SAMEA2621222	-21.0484	-35.371
SAMEA2621277	-30.149	-43.2596
SAMEA2621278	-30.149	-43.2596
SAMN04325106	36.4828	15.6501
SAMN04325109	38.8175	25.2594
SAMN07137069	31.66	-64.16
SAMN07137070	31.66	-64.16
SAMN07137073	31.66	-64.16
SAMN07137072	31.66	-64.16
SAMN07137074	31.66	-64.16
SAMN07137066	31.66	-64.16
SAMN07137060	22.75	-158.0
SAMN07137059	22.75	-158.0
SAMN07137063	22.75	-158.0
SAMN07137120	31.66	-64.16
SAMN07137121	31.66	-64.16
SAMN07137122	31.66	-64.16
SAMN07137123	31.66	-64.16
SAMN07137054	22.75	-158.0
SAMN07137053	22.75	-158.0
SAMN07137048	22.75	-158.0
SAMN07137056	22.75	-158.0
SAMN07137005	22.75	-158.0
SAMN07137002	22.75	-158.0
SAMN07137000	22.75	-158.0
SAMN07136999	22.75	-158.0
SAMN07137006	22.75	-158.0
SAMN07137039	22.75	-158.0
SAMN07137040	22.75	-158.0
SAMN07137042	22.75	-158.0
SAMN07137044	22.75	-158.0
SAMN07137045	22.75	-158.0
SAMN07137102	31.66	-64.16
SAMN07137104	31.66	-64.16
SAMN07137105	31.66	-64.16
SAMN07137098	31.66	-64.16
SAMN07137033	22.75	-158.0
SAMN07137032	22.75	-158.0
SAMN07137035	22.75	-158.0
SAMN07137029	22.75	-158.0
SAMN07137030	22.75	-158.0
SAMN07137111	31.66	-64.16
SAMN07137113	31.66	-64.16
SAMN07137091	31.66	-64.16
SAMN07137090	31.66	-64.16
SAMN07137117	31.66	-64.16
SAMN07137116	31.66	-64.16
SAMN07137095	31.66	-64.16
SAMN07137092	31.66	-64.16
SAMN07137024	22.75	-158.0
SAMN07137023	22.75	-158.0
SAMN07137020	22.75	-158.0
SAMN07137026	22.75	-158.0
SAMN07137027	22.75	-158.0
SAMN07137082	31.66	-64.16
SAMN07137083	31.66	-64.16
SAMN07137078	31.66	-64.16
SAMN07137086	31.66	-64.16
SAMN07137087	31.66	-64.16
SAMN07137009	22.75	-158.0
SAMN07137008	22.75	-158.0
SAMN07137015	22.75	-158.0
SAMN07137012	22.75	-158.0
SAMN07136604	38.3243	-68.8755
SAMN07136605	38.3243	-68.8755
SAMN07136603	38.3243	-68.8755
SAMN07136610	37.6073	-68.3895
SAMN07136612	37.6073	-68.3895
SAMN07136881	-31.6	178.0
SAMN07136639	31.6667	-64.167
SAMN07136640	31.6667	-64.167
SAMN07136634	47.8007	-39.399
SAMN07136757	-30.0	156.0
SAMN07136756	-30.0	156.0
SAMN07136567	31.7535	-64.175
SAMN07136491	46.312	-39.658
SAMN07136492	46.312	-39.658
SAMN07136595	39.6922	-69.8629
SAMN07136596	39.6922	-69.8629
SAMN07136593	39.6922	-69.8629
SAMN07136518	9.5462	-50.4686
SAMN07136716	17.3998	-24.4998
SAMN07136532	35.4162	-66.5408
SAMN07136624	24.7143	-67.0726
SAMN07136630	22.3411	-63.5833
SAMN07136625	24.7143	-67.0726
SAMN07136553	22.333	-35.867
SAMN07136631	22.3411	-63.5833
SAMN07136684	-46.907	-47.179
SAMN07136584	27.583	-49.633
SAMN07136586	27.583	-49.633
SAMN07136587	27.583	-49.633
SAMN07136588	27.583	-49.633
SAMN07136956	-36.4495	13.2196
SAMN07136961	-39.2555	7.72506
SAMN07136962	-39.2555	7.72506
SAMN07136546	38.655	-69.1313
SAMN07136916	-35.3669	14.9064
SAMN07136915	-35.3669	14.9064
SAMN07136919	-35.3669	14.9064
SAMN07136918	-35.3669	14.9064
SAMN07136917	-35.3669	14.9064
SAMN07136920	-35.3669	14.9064
SAMN07136571	26.1369	-44.8262
SAMN07136657	-26.0867	-34.2585
SAMN07136660	-22.4732	-32.7487
SAMN07136539	24.1497	-40.2179
SAMN07136538	24.1497	-40.2179
SAMN07136533	35.4162	-66.5408
SAMN07136534	35.4162	-66.5408
SAMN07136763	33.4334	-58.0503
SAMN07136764	33.4334	-58.0503
SAMN07136564	31.7535	-64.175
SAMN07136697	-37.8305	-41.1248
SAMN07136613	37.6073	-68.3895
SAMN07136616	19.4334	-29.3832
SAMN07136493	46.312	-39.658
SAMN07136497	36.2067	-53.2681
SAMN07136496	36.2067	-53.2681
SAMN07136498	36.2067	-53.2681
SAMN07136500	36.2067	-53.2681
SAMN07136499	36.2067	-53.2681
SAMN07136793	-32.5	-172.0
SAMN07136573	26.1369	-44.8262
SAMN07136577	17.4	-24.5
SAMN07136578	17.4	-24.5
SAMN07136754	-32.5	-176.0
SAMN07136744	-30.0	167.0
SAMN07136886	-32.5	-179.303
SAMN07136647	28.0905	-67.5015
SAMN07136646	28.0905	-67.5015
SAMN07136511	34.3277	-55.4316
SAMN07136504	37.5673	-50.6855
SAMN07136506	37.5673	-50.6855
SAMN07136510	34.3277	-55.4316
SAMN07136509	34.3277	-55.4316
SAMN07136782	-30.0	175.947
SAMN07136776	-30.0	174.0
SAMN07136777	-30.0	174.0
SAMN07136743	-30.0	167.0
SAMN08390923	22.75	-158.0
SAMN08390925	31.66	-64.16
SAMN05991661	22.75	-158.0
SAMN05991688	22.75	-158.0
SAMN05991717	22.75	-158.0
SAMN05991709	22.75	-158.0
SAMN05991681	22.75	-158.0
SAMN05991695	22.75	-158.0
SAMN05991723	22.75	-158.0
SAMN05991721	22.75	-158.0
SAMN05991654	22.75	-158.0
SAMN05991730	22.75	-158.0
SAMN04579665	-37.8305	-41.1248
SAMEA2623403	6.3744	-103.0644
SAMN05422130	21.51	-23.45
SAMN05422164	-15.83	-33.41
SAMN05422165	-33.55	39.89
SAMN05422115	-29.81	82.62
SAMN05422106	-31.16	110.18
SAMN05421697	15.9087	-124.4738
SAMN05791315	28.9833	-90.8333
SAMN05791316	28.8417	-90.8333
SAMN05791319	28.7417	-91.25
SAMN05791320	28.5833	-91.25
SAMN03860270	18.58	40.743
SAMN03860260	17.662	40.905
SAMN03860276	20.525	38.781
SAMN03860282	22.046	37.929
SAMN03860294	25.772	36.116
SAMN03860288	23.604	37.054
SAMN03860300	27.897	34.507
SAMN03860295	25.772	36.116
SAMN03860264	17.996	39.799
SAMEA104408599	65.446	23.2973
SAMEA104408600	65.446	23.2973
SAMEA104408597	57.3057	20.0766
SAMEA104408612	55.5659	16.3665
SAMEA104408618	58.5849	18.2327
SAMEA104408620	57.1162	17.6642
SAMEA104408623	57.3222	20.0506
SAMEA104408625	57.3222	20.0506
SAMEA104408627	57.3222	20.0506
SAMEA104408628	57.3222	20.0506
SAMEA104408629	57.3222	20.0506
SAMEA104408630	57.3222	20.0506
SAMEA104408695	57.3228	20.0606
SAMEA104408696	57.3228	20.0606
SAMEA2619840	23.42	37.2484
SAMN05791317	28.7167	-90.8333
SAMEA2623774	34.0812	-49.8748
SAMN07136633	47.8007	-39.399
SAMN07136490	46.312	-39.658
SAMN07136545	38.655	-69.1313
SAMN07136505	37.5673	-50.6855
SAMEA4699789	42.52	3.18
SAMEA4699790	42.52	3.18
SAMN05224482	48.59166667	-123.505
SAMN05224486	48.59166667	-123.505
SAMN05224434	48.59166667	-123.505
SAMN05224435	48.59166667	-123.505
SAMN05224519	48.59166667	-123.505
SAMN05224508	48.59166667	-123.505
SAMN05224529	48.59166667	-123.505
SAMN05224514	48.59166667	-123.505
SAMN05224509	48.59166667	-123.505
SAMN05224521	48.59166667	-123.505
SAMN05224526	48.59166667	-123.505
SAMN05224527	48.59166667	-123.505
SAMN05224493	48.59166667	-123.505
SAMN05224494	48.59166667	-123.505
SAMN05224411	48.59166667	-123.505
SAMN05224404	48.59166667	-123.505
SAMN05224408	48.59166667	-123.505
SAMN05224406	48.59166667	-123.505
SAMN05224409	48.59166667	-123.505
SAMN05224394	48.59166667	-123.505
SAMN05224398	48.59166667	-123.505
SAMN05224397	48.59166667	-123.505
SAMN05224467	48.59166667	-123.505
SAMN05224466	48.59166667	-123.505
SAMN05224478	48.59166667	-123.505
SAMN05224438	48.59166667	-123.505
SAMN05224444	48.59166667	-123.505
SAMEA104408593	58.1323	10.0
SAMEA104408603	56.867	11.4339
SAMN05224462	48.59166667	-123.505
SAMN06264747	54.1883	7.9
SAMN06265043	54.1883	7.9
SAMN06266115	54.1883	7.9
SAMN06264746	54.1883	7.9
SAMN06266116	54.1883	7.9
SAMN06266117	54.1883	7.9
SAMN06264745	54.1883	7.9
SAMN06264902	54.1883	7.9
SAMN06266125	54.1883	7.9
SAMN03173240	54.1842	7.9
SAMN03173239	54.1842	7.9
SAMN07136938	-40.0627	5.52721
SAMEA2622149	-12.9426	-96.0891
SAMEA2623907	43.7416	-16.8824
SAMEA2621295	-30.2463	-43.292
SAMEA2621536	-62.2444	-49.1898
SAMEA4397239	78.9393	79.3224
SAMEA4397903	73.3183	-168.8586
SAMEA4398067	74.3368	-85.5811
SAMEA4398176	70.964	-53.5978
SAMEA104408614	61.7829	19.2952
SAMEA104408609	54.6979	12.7047
SAMN05224440	48.59166667	-123.505
SAMN05224524	48.59166667	-123.505
SAMN05224536	48.59166667	-123.505
SAMN05224416	48.59166667	-123.505
SAMN05422143	-3.03	-27.33
SAMN05421699	9.22	-163.53
SAMD00080421	36.105	142.7261
SAMD00080443	41.8736	146.3193
SAMD00080428	11.3676	142.4241
SAMN09710605	22.75	-158.0
SAMN03169780	54.1742	7.9
SAMN03169776	54.1842	7.9
SAMN05422226	-9.12	-30.19
SAMN05422138	-15.83	-33.41
SAMN05422152	-39.23	135.19
SAMN05421706	-5.75	-170.7407
SAMD00080414	29.15	142.8012
SAMD00080415	29.15	142.8012
SAMD00080441	41.8736	146.3193
SAMD00080427	11.3699	142.4301
SAMEA4397930	71.9052	-154.9234
SAMEA104408615	61.7829	19.2952
SAMEA104408621	57.1162	17.6642
SAMEA104408624	57.3222	20.0506
SAMEA104408626	57.3222	20.0506
SAMN03351358	56.9308	17.0607
SAMN03351401	56.9308	17.0607
SAMN03351406	56.9308	17.0607
SAMN03351403	56.9308	17.0607
SAMN03351418	56.9308	17.0607
SAMN03351416	56.9308	17.0607
SAMN07136799	-32.515	-164.9812
SAMN05422166	-32.8128	12.7692
SAMEA2591098	42.1697	17.7268
SAMEA2619399	36.0552	-6.56275
SAMEA2619548	39.0733	5.88185
SAMEA2623886	43.6849	-16.845
SAMN04874669	38.0685	-0.231994
SAMN04880534	38.0685	-0.231994
SAMN05992381	37.3536	-0.286194
SAMN05992382	37.3536	-0.286194
SAMN05992383	37.3536	-0.286194
SAMN05992384	37.3536	-0.286194
SAMN05992387	38.0685	-0.231994
SAMN07357609	38.0685	-0.231994
SAMN07357612	38.0685	-0.231994
SAMN07357613	38.2703	-0.4209
SAMN10839296	37.3536	-0.286194
SAMN10839273	37.3536	-0.286194
SAMN02954014	38.0685	-0.231994
SAMN02954012	38.0685	-0.231994
SAMN07136487	49.7225	-42.4467
SAMEA4699777	42.52	3.18
SAMEA4699778	42.52	3.18
SAMEA4699779	42.52	3.18
SAMEA4699780	42.52	3.18
SAMEA4699781	42.52	3.18
SAMEA4699783	42.52	3.18
SAMEA4699791	42.52	3.18
SAMEA4699792	42.52	3.18
SAMEA4699793	42.52	3.18
SAMEA4699794	42.52	3.18
SAMEA4699803	42.52	3.18
SAMEA4699804	42.52	3.18
SAMEA4699811	42.52	3.18
SAMEA4699813	42.52	3.18
SAMEA4699814	42.52	3.18
SAMEA4699815	42.52	3.18
SAMEA4699816	42.52	3.18
SAMEA2622568	-23.1976	-129.635
SAMN04578322	20.79	-40.964
SAMEA2620035	19.0134	64.5698
SAMEA2620097	18.7346	66.3896
SAMN04578259	24.51	-34.5537
SAMEA2622048	-25.8208	-111.7492
SAMN05422183	21.51	-23.45
SAMN05422117	-26.91	-21.43
SAMN05422149	19.9897	-52.6367
SAMN05992385	37.3536	-0.286194
SAMEA2620815	-29.5064	37.94
SAMEA2620882	-35.234	26.3362
SAMEA2620995	-31.0379	4.66455
SAMEA2621099	-20.3716	-3.215
SAMN05991725	22.75	-158.0
SAMN05422111	-31.81	6.84
SAMN07136651	-32.092	-37.4563
SAMEA2622733	-8.90345	-140.2853
SAMEA2622737	-8.90345	-140.2853
SAMN07137049	22.75	-158.0
SAMN07137018	22.75	-158.0
SAMN05991716	22.75	-158.0
SAMEA2622677	-8.97545	-139.2412
SAMN05991718	22.75	-158.0
SAMN05422107	7.33	-26.0
SAMN05421901	-22.97	-36.95
SAMN05422194	-28.62	-11.8
SAMN05421563	-33.55	39.89
SAMN05422148	-30.3327	103.3075
SAMN05422136	18.04	-133.26
SAMN05422195	32.0788	-17.2662
SAMEA2619907	18.4658	39.8525
SAMEA2622837	-8.9051	-142.5614
SAMEA2623098	31.53	-159.0446
SAMEA2623794	34.116	-49.7588
SAMN05991732	22.75	-158.0
SAMN05991697	22.75	-158.0
SAMN05991683	22.75	-158.0
SAMEA2621242	-20.952	-35.2268
SAMN06267278	79.2466	-150.0613
SAMEA2622796	-9.0692	-140.616
SAMEA2622695	-8.98475	-139.1835
SAMEA2622800	-9.0692	-140.616
SAMEA2622801	-9.0692	-140.616
SAMEA2620106	18.7346	66.3896
SAMEA2620039	19.0134	64.5698
SAMEA2623275	14.2026	-116.6298
SAMEA2619888	18.3992	39.865
SAMN09765694	22.75	-158.0
SAMN09765709	22.75	-158.0
SAMN09765705	22.75	-158.0
SAMN09765684	22.75	-158.0
SAMN09765685	22.75	-158.0
SAMN03169778	54.1742	7.9
SAMN05422128	14.52	-26.0
SAMN05421660	7.33	-26.0
SAMN05421707	-29.81	82.62
SAMN05422163	12.0	-108.06
SAMN05991734	22.75	-158.0
SAMN05991704	22.75	-158.0
SAMN05991706	22.75	-158.0
SAMEA2622823	-8.90305	-142.59
SAMEA4397983	74.3048	-85.6984
SAMEA4398150	72.4077	-71.9524
SAMN06267282	73.2247	-150.2247
SAMN06267285	75.235	-150.0691
SAMN06267288	77.0991	-150.2252
SAMEA4398413	61.5441	-55.9866
SAMEA4398219	70.9279	-53.5238
SAMEA2623627	39.2239	-71.0352
SAMN07136486	49.7225	-42.4467
SAMN07136488	49.7225	-42.4467
SAMEA104408594	58.1323	10.0
SAMN07510720	45.0	153.5
SAMN07136581	17.4	-24.5
SAMEA2620339	0.0033	71.6428
SAMEA2622173	-5.25345	-85.1896
SAMEA2591122	33.9268	32.772
SAMEA2622097	-12.9756	-96.0026
SAMEA2622452	-16.9578	-100.663
SAMEA2622652	-8.9846	-139.2352
SAMEA2622673	-8.97545	-139.2412
SAMEA2622759,SAMEA2622766	-9.1528	-140.525
SAMEA2622923	0.0275	-153.6954
SAMEA2622658	-8.9846	-139.2352
SAMEA2622715	-8.90095	-140.3002
SAMEA2622764	-9.1528	-140.525
SAMEA2622843	-8.9051	-142.5614
SAMEA2621859	-29.6994	-101.187
SAMEA2620404	-9.40165	66.3754
SAMEA2623463	25.534	-88.3992
SAMEA2623488	25.6638	-88.4724
SAMN07137119	31.66	-64.16
SAMN05991676	22.75	-158.0
SAMEA2622021	-25.8425	-111.7142
SAMEA2622545	-23.1879	-129.547
SAMEA2622518	-23.2606	-129.4399
SAMEA2620570	-16.9604	53.94
SAMEA2623350	6.33235	-102.9458
SAMEA2623734	31.7657	-64.179
SAMEA2622119	-12.9474	-96.0527
SAMEA2622478	-16.9637	-100.7038
SAMN07137107	31.66	-64.16
SAMN07137075	31.66	-64.16
SAMN07137084	31.66	-64.16
SAMN07137081	31.66	-64.16
SAMEA2619531	39.1208	5.85945
SAMEA2619678	35.756	14.3109
SAMEA2621132	-8.77885	-17.9098
SAMEA2623808	35.8968	-37.238
SAMEA2621260	-30.1626	-43.2865
SAMN07136877	-31.6	178.0
SAMN07136878	-31.6	178.0
SAMN07136879	-31.6	178.0
SAMN07136880	-31.6	178.0
SAMN07136790	-32.5	-172.0
SAMN07136760	-30.0	174.0
SAMN05991694	22.75	-158.0
SAMN05991656	22.75	-158.0
SAMN05991663	22.75	-158.0
SAMEA2619802	30.9975	30.9733
SAMEA2619818	23.3808	37.2183
SAMEA2620000	19.0368	64.5038
SAMEA2620081	18.5759	66.4654
SAMEA2620672	-17.0266	42.7425
SAMN07136606	37.6073	-68.3895
SAMN07136609	37.6073	-68.3895
SAMN07136601	38.3243	-68.8755
SAMN07136599	38.3243	-68.8755
SAMN07136600	38.3243	-68.8755
SAMN07136598	38.3243	-68.8755
SAMN07136528	35.4162	-66.5408
SAMN05991690	22.75	-158.0
SAMN07136727	-32.5125	-158.028
SAMN07136825	-32.4948	-154.0042
SAMN04325108	36.608	17.971
SAMEA2623649	39.163	-70.0227
SAMEA2622499	-16.9606	-100.6674
SAMEA2623155	35.3038	-127.7322
SAMEA2622678	-8.97545	-139.2412
SAMN05991698	22.75	-158.0
SAMN03943734	26.0059	-92.3661
SAMN08714533	22.2	39.04
SAMEA2622219	-5.25725	-85.3038
SAMEA2622402	-1.87535	-84.6292
SAMN05991708	22.75	-158.0
SAMEA2623826	35.8192	-37.1262
SAMEA2622696	-8.98475	-139.1835
SAMEA2620734	-17.4256	42.2427
SAMEA2620756	-22.3388	40.3428
SAMEA2622657	-8.9846	-139.2352
SAMEA2623370	6.3366	-102.9942
SAMEA2621066	-20.4034	-3.1884
SAMEA2623059	31.5072	-159.0282
SAMN05991650	22.75	-158.0
SAMN05991707	22.75	-158.0
SAMN05991700	22.75	-158.0
SAMEA2620194	14.553	69.9888
SAMN04574157	10.91	-44.6678
SAMN05991680	22.75	-158.0
SAMN05991714	22.75	-158.0
SAMN05991722	22.75	-158.0
SAMEA2620786	-29.5021	37.9927
SAMEA104210868	33.454	-118.475
SAMEA104210876	33.55	-118.4
SAMEA2622316	2.0262	-84.5648
SAMEA4699812	42.52	3.18
SAMN07137001	22.75	-158.0
SAMN07137034	22.75	-158.0
SAMN05991693	22.75	-158.0
SAMN02954150	38.0685	-0.231994
SAMEA104210873	33.71	-118.254
SAMEA104210874	33.71	-118.254
SAMN09091903	33.55	-118.4
SAMN05224532	48.59166667	-123.505
SAMN05224402	48.59166667	-123.505
SAMEA4396971	67.1705	0.44225
SAMEA2621423	-47.1608	-57.8856
SAMEA2623919	43.7711	-16.9072
SAMEA4398341	64.7299	-53.0583
SAMEA4398370	61.532	-55.9921
SAMEA2622074	-21.1508	-104.8044
SAMEA2591074	37.0469	1.94895
SAMEA2620230	6.00625	73.897
SAMN07136485	49.7225	-42.4467
SAMN07136484	49.7225	-42.4467
SAMEA2620542	-17.0978	53.9788
SAMEA2619927	20.8167	63.5046
SAMEA2619952	20.821	63.5136
SAMEA2620651	-15.3367	43.2936
SAMN07136699	24.0001	-22.0001
SAMN07137071	31.66	-64.16
SAMN07137050	22.75	-158.0
SAMN07137101	31.66	-64.16
SAMN05991715	22.75	-158.0
SAMN05991653	22.75	-158.0
SAMEA2623079	31.499	-159.067
SAMN09092270	33.55	-118.4
SAMN09092248	33.55	-118.4
SAMN07136841	-32.5063	-162.9935
SAMN07136720	-32.495	-157.9945
SAMN07136809	-32.5038	-156.0107
SAMEA104408692	54.5381	10.0478
SAMEA2620970	-32.17	17.7052
SAMEA2621401	-47.1884	-58.2792
SAMN07136937	-40.0627	5.52721
SAMN07136936	-40.0627	5.52721
SAMN07136951	-36.4495	13.2196
SAMN07136952	-36.4495	13.2196
SAMN07136953	-36.4495	13.2196
SAMEA2622336	2.0481	-84.5425
SAMEA2622376	-1.99265	-84.595
SAMN09091855	33.55	-118.4
SAMN09091862	33.55	-118.4
SAMN09091888	33.55	-118.4
SAMN09092266	33.55	-118.4
SAMEA2619376	36.0552	-6.56275
SAMEA4398009	74.3102	-85.8462
SAMEA4398296	64.7368	-53.0588
SAMN06267289	77.0991	-150.2252
SAMN06267279	79.2466	-150.0613
SAMN06267280	79.2466	-150.0613
SAMEA4396538	67.1398	0.2399
SAMEA4397157	72.5702	44.1378
SAMN09201274	36.8313	-121.9047
SAMN09202115	36.8313	-121.9047
SAMEA104210867	33.454	-118.475
SAMEA104210875	33.55	-118.4
SAMN09091889	33.55	-118.4
SAMN09091847	33.55	-118.4
SAMN09091848	33.55	-118.4
SAMN09092437	33.55	-118.4
SAMN09092448	33.55	-118.4
SAMN09092451	33.55	-118.4
SAMN09092452	33.55	-118.4
SAMN09091842	33.55	-118.4
SAMN09201419	36.8313	-121.9047
SAMN09201853	36.8313	-121.9047
SAMN09201604	36.8313	-121.9047
SAMN09202068	36.8313	-121.9047
SAMN09201848	36.8313	-121.9047
SAMN09201681	36.8313	-121.9047
SAMN09201450	36.8313	-121.9047
SAMN09201449	36.8313	-121.9047
SAMN09202072	36.8313	-121.9047
SAMN09202073	36.8313	-121.9047
SAMN09201443	36.8313	-121.9047
SAMN09202074	36.8313	-121.9047
SAMN09201538	36.8313	-121.9047
SAMN09201302	36.8313	-121.9047
SAMN09201685	36.8313	-121.9047
SAMN09201534	36.8313	-121.9047
SAMN10350899	36.8313	-121.9047
SAMN10351267	36.8313	-121.9047
SAMN10350897	36.8313	-121.9047
SAMN10351042	36.8313	-121.9047
SAMN10351174	36.8313	-121.9047
SAMN10351052	36.8313	-121.9047
SAMN10351049	36.8313	-121.9047
SAMN10351093	36.8313	-121.9047
SAMEA4397516	74.8283	76.2096
SAMEA4398094	72.4731	-71.9124
SAMEA4398247	69.1115	-51.5727
SAMN06267286	75.235	-150.0691
SAMN09092250	33.55	-118.4
SAMEA4397611	78.3476	91.625
SAMN06267283	73.2247	-150.2247
SAMN07510717	45.417	153.0
SAMEA104408606	54.2821	11.568
SAMEA2623135	35.406	-127.731
SAMN10351120	36.8313	-121.9047
SAMN09201442	36.8313	-121.9047
SAMN10350898	36.8313	-121.9047
SAMN10350896	36.8313	-121.9047
SAMEA104210871	33.71	-118.254
SAMN05504280	38.0685	-0.231994
SAMEA4396424	54.5525	-16.882
SAMEA4396496	54.535	-16.7416
SAMEA104408596	57.3057	20.0766
SAMEA2623116	35.387	-127.7427
SAMN07136957	-39.2555	7.72506
SAMN07136954	-36.4495	13.2196
SAMN07136955	-36.4495	13.2196
SAMN06264407	54.1883	7.9
SAMN06266127	54.1883	7.9
SAMN06264398	54.1883	7.9
SAMEA4699797	42.52	3.18
SAMEA4699805	42.52	3.18
SAMN07137004	22.75	-158.0
SAMN07136949	-34.8953	16.0769
SAMD00080429	41.8736	146.3193
SAMN07136910	-34.629	17.07
SAMN07136914	-34.629	17.07
SAMN07136503	37.5673	-50.6855
SAMEA2621990	-25.8088	-111.7294
SAMN07136680	-48.9358	-48.7933
SAMN07136681	-48.9358	-48.7933
SAMN07137055	22.75	-158.0
SAMN05991686	22.75	-158.0
SAMN05991659	22.75	-158.0
SAMN06183634	24.4	-156.36
SAMN06183603	24.46	-156.74
SAMN06183602	24.42	-156.76
SAMN06183627	24.5	-156.3
SAMN06183632	24.41	-156.31
SAMN06183629	24.48	-156.3
SAMN06183637	24.35	-156.35
SAMN06183641	24.28	-156.39
SAMN06183623	24.54	-156.31
SAMN06183621	24.58	-156.36
SAMN06183613	24.6	-156.51
SAMN06183618	24.58	-156.41
SAMN06183605	24.5	-156.69
SAMN06183630	24.47	-156.29
SAMN06183639	24.29	-156.41
SAMN06183631	24.42	-156.31
SAMN06183612	24.59	-156.52
SAMN06183635	24.4	-156.35
SAMN06183600	24.39	-156.77
SAMN06183640	24.29	-156.41
SAMN06183617	24.57	-156.43
SAMN06183628	24.48	-156.3
SAMN06183619	24.58	-156.39
SAMN06183636	24.36	-156.34
SAMN06183614	24.6	-156.5
SAMN06183638	24.35	-156.31
SAMN06183625	24.5	-156.31
SAMN06183633	24.41	-156.31
SAMN06183604	24.48	-156.72
SAMN07224104	24.58	-156.36
SAMN07224106	24.54	-156.31
SAMN07224108	24.5	-156.31
SAMN07224110	24.5	-156.3
SAMN07224109	24.5	-156.3
SAMN07224122	24.29	-156.41
SAMN07224121	24.35	-156.31
SAMN07224124	24.28	-156.39
SAMN07224100	24.57	-156.43
SAMN07224113	24.47	-156.29
SAMN07224114	24.42	-156.31
SAMN07224111	24.48	-156.3
SAMN07224117	24.4	-156.36
SAMN07224118	24.4	-156.35
SAMN07224115	24.41	-156.31
SAMN07224116	24.41	-156.31
SAMN07224120	24.35	-156.35
SAMN03943728	26.0059	-92.3661
SAMN07136712	17.3998	-24.4998
SAMEA104210869	33.454	-118.475
SAMN09202468	36.8313	-121.9047
SAMN07136946	-34.8953	16.0769
SAMN07136945	-34.8953	16.0769
SAMN07136911	-34.629	17.07
SAMN07136909	-34.629	17.07
SAMN07136913	-34.629	17.07
SAMN07136501	37.5673	-50.6855
SAMEA4699784	42.52	3.18
SAMEA2621198	-20.9714	-35.2574
SAMEA2621203	-20.9714	-35.2574
SAMEA2621204	-20.9714	-35.2574
SAMEA2591057	37.0488	1.9402
SAMN03169783	54.1742	7.9
SAMN06183626	24.5	-156.3
SAMN06183607	24.54	-156.64
SAMN06183598	24.35	-156.8
SAMN06183622	24.58	-156.36
SAMN06183616	24.58	-156.42
SAMN06183606	24.53	-156.65
SAMN07224102	24.58	-156.39
SAMN07224105	24.58	-156.36
SAMN05992380	37.3536	-0.286194
SAMN07136495	36.2067	-53.2681
SAMEA2621254	-30.1626	-43.2865
SAMEA2621259	-30.1626	-43.2865
SAMEA2621003	-31.0379	4.66455
SAMN07136685	-46.907	-47.179
SAMN05991660	22.75	-158.0
SAMN05991701	22.75	-158.0
SAMN07136713	17.3998	-24.4998
SAMN07136702	24.0001	-22.0001
SAMN07136701	24.0001	-22.0001
SAMN07136517	13.1623	-53.4215
SAMN07136529	35.4162	-66.5408
SAMN07136524	16.8312	-56.2685
SAMN03943729	26.0059	-92.3661
SAMN07136608	37.6073	-68.3895
SAMEA2621155	-8.7151	-17.976
SAMN07137080	31.66	-64.16
SAMN07136715	17.3998	-24.4998
SAMN07136714	17.3998	-24.4998
SAMN07136731	-30.0	159.0
SAMN07136732	-30.0	159.0
SAMN07136773	-30.0	156.0
SAMN05991728	22.75	-158.0
SAMN07136611	37.6073	-68.3895
SAMN07136636	47.8007	-39.399
SAMN07136592	39.6922	-69.8629
SAMN07136900	-32.4875	-169.991
SAMN05422192	15.9087	-124.4738
SAMN05422160	10.0927	-99.2462
SAMEA2622821	-8.90305	-142.59
SAMN07136688	-44.7117	-45.5265
SAMN07136691	-42.364	-44.0318
SAMEA4397278	78.9343	79.0758
SAMEA4397390	79.4086	66.2404
SAMEA104210877	33.55	-118.4
SAMEA104210878	33.55	-118.4
SAMN07136489	46.312	-39.658
SAMN07136502	37.5673	-50.6855
SAMN07136958	-39.2555	7.72506
SAMN07136960	-39.2555	7.72506
SAMN07136959	-39.2555	7.72506
SAMN07136922	-36.4846	13.276
SAMN07136921	-36.4846	13.276
SAMEA2620980	-32.2401	17.7052
SAMN07136632	47.8007	-39.399
SAMN07136607	37.6073	-68.3895
SAMN07136591	39.6922	-69.8629
SAMN07136508	34.3277	-55.4316
SAMN07136683	-46.907	-47.179
SAMN05192635	18.900883	-108.80265
SAMN07136724	-32.495	-157.9945
SAMN07136848	-32.509	-162.009
SAMN07136844	-32.5063	-162.9935
SAMN07136843	-32.5063	-162.9935
SAMN07136794	-32.4957	-164.9923
SAMN05991652	22.75	-158.0
SAMN07136602	38.3243	-68.8755
SAMN07136676	-0.1915	-32.8745
SAMEA2591084	42.1956	17.717
SAMN03860268	18.58	40.743
SAMN03860267	18.58	40.743
SAMN03860287	23.604	37.054
SAMN07137077	31.66	-64.16
SAMN07137065	31.66	-64.16
SAMN07137038	22.75	-158.0
SAMN07137041	22.75	-158.0
SAMN07137011	22.75	-158.0
SAMN07136522	9.5462	-50.4686
SAMN07136664	-12.8957	-29.2335
SAMN07136739	-30.0	162.998
SAMN07136734	-30.0	159.0
SAMN07136733	-30.0	159.0
SAMN07136736	-30.0	162.998
SAMN07136735	-30.0	162.998
SAMN07136768	-30.0	154.003
SAMN07136749	-30.0	170.877
SAMN07136748	-30.0	170.877
SAMN07136775	-30.0	156.0
SAMN05416669	-26.0867	-34.2585
SAMN03860298	27.897	34.507
SAMEA2621176	-8.79365	-17.9088
SAMN07137019	22.75	-158.0
SAMN07136670	-5.6667	-28.4572
SAMN07136615	19.4334	-29.3832
SAMN03860286	23.604	37.054
SAMN03860299	27.897	34.507
SAMN03860297	27.897	34.507
SAMN06264409	54.1883	7.9
SAMN03169781	54.1742	7.9
SAMEA2622738	-8.90345	-140.2853
SAMN02905557	18.9	-104.5
SAMN02905562	18.8	-104.7
SAMN02905563	18.8	-104.7
SAMN07136530	35.4162	-66.5408
SAMN07136663	-12.8957	-29.2335
SAMN07136667	-9.1608	-28.0012
SAMN07136669	-5.6667	-28.4572
SAMN07136759	-30.0	174.0
SAMN07136758	-30.0	174.0
SAMN07136730	-30.0	159.0
SAMN07136738	-30.0	162.998
SAMN07136737	-30.0	162.998
SAMN07136658	-22.4732	-32.7487
SAMN07136659	-22.4732	-32.7487
SAMN07136771	-30.0	154.003
SAMN07136769	-30.0	154.003
SAMN07136770	-30.0	154.003
SAMN07136781	-30.0	175.947
SAMN07136778	-30.0	175.947
SAMN07136779	-30.0	175.947
SAMN05991668	22.75	-158.0
SAMN05991667	22.75	-158.0
SAMN05991674	22.75	-158.0
SAMN05991666	22.75	-158.0
SAMN06183615	24.59	-156.44
SAMN07136585	27.583	-49.633
SAMN03943726	26.0059	-92.3661
SAMN03943727	26.0059	-92.3661
SAMN07136935	-40.0627	5.52721
SAMN07136934	-40.0627	5.52721
SAMEA2620894	-35.2474	26.3109
SAMN05991729	22.75	-158.0
SAMN07136797	-32.4957	-164.9923
SAMN07136521	9.5462	-50.4686
SAMN07136725	-32.495	-157.9945
SAMN07136823	-32.5013	-153.9982
SAMN07136556	22.333	-35.867
SAMN07136718	17.4	-24.4998
SAMN07136549	38.655	-69.1313
SAMN07136557	22.333	-35.867
SAMN07136618	19.4334	-29.3832
SAMN07136619	19.4334	-29.3832
SAMN07136620	19.4334	-29.3832
SAMN07136575	26.1369	-44.8262
SAMN07136705	24.0	-22.0001
SAMN07137051	22.75	-158.0
SAMN07136566	31.7535	-64.175
SAMN07136898	-32.4937	-169.9952
SAMN07136519	9.5462	-50.4686
SAMN07136531	35.4162	-66.5408
SAMN07136626	24.7143	-67.0726
SAMN07136563	31.7535	-64.175
SAMN05422122	-27.9783	63.2478
SAMN05421703	-25.49	-179.52
SAMN07136516	13.1623	-53.4215
SAMN07136513	13.1623	-53.4215
SAMN07136572	26.1369	-44.8262
SAMN07136788	-32.5	-170.0
SAMN07136899	-32.4875	-169.991
SAMN07136726	-32.5125	-158.028
SAMN05991672	22.75	-158.0
SAMN05991699	22.75	-158.0
SAMN05991692	22.75	-158.0
SAMN09710616	22.75	-158.0
SAMN09710614	22.75	-158.0
SAMN09710609	22.75	-158.0
SAMN09710599	22.75	-158.0
SAMN09765674	22.75	-158.0
SAMN09765676	22.75	-158.0
SAMN09765677	22.75	-158.0
SAMN09765679	22.75	-158.0
SAMN09765682	22.75	-158.0
SAMN09765691	22.75	-158.0
SAMD00080439	41.8736	146.3193
SAMN07136649	-35.0093	-39.431
SAMN07136665	-17.0173	-30.6052
SAMN07136617	19.4334	-29.3832
SAMEA2620666	-15.3298	43.2896
SAMN05991727	22.75	-158.0
SAMEA2623513	25.632	-88.4292
SAMN05991712	22.75	-158.0
SAMEA2620824	-29.5064	37.94
SAMN09765681	22.75	-158.0
SAMN09765692	22.75	-158.0
SAMN09765686	22.75	-158.0
SAMEA104408595	57.3057	20.0766
SAMN03351396	56.9308	17.0607
SAMN03351404	56.9308	17.0607
SAMN09302796	56.93	17.06
SAMN03943731	26.0059	-92.3661
SAMEA104408613	61.7829	19.2952
SAMEA104408616	58.5849	18.2327
SAMN03351414	56.9308	17.0607
SAMN03351411	56.9308	17.0607
SAMN03351409	56.9308	17.0607
SAMN09302801	56.93	17.06
SAMN09302811	56.93	17.06
SAMN09302795	56.93	17.06
SAMEA104408598	65.446	23.2973
SAMN09302812	56.93	17.06
SAMEA104408607	54.6979	12.7047
SAMEA104408610	55.5659	16.3665
SAMEA104408611	55.5659	16.3665
SAMEA104408619	57.1162	17.6642
SAMEA4397196	72.5364	44.0742
SAMEA4397311	79.2128	66.4256
SAMEA4397569	78.2855	91.788
SAMEA4397330	79.2128	66.4256
SAMEA104408602	56.867	11.4339
SAMEA104408605	54.2821	11.568
SAMEA104408608	54.6979	12.7047
SAMEA104408617	58.5849	18.2327
SAMN03351359	56.9308	17.0607
SAMEA104408694	54.5381	10.0478
SAMN05791318	28.8583	-91.25
SAMEA2621502	-60.2946	-60.5786
SAMEA2621247	-20.952	-35.2268
SAMEA104408604	54.2821	11.568
SAMN03351395	56.9308	17.0607
SAMN03351413	56.9308	17.0607
SAMN03351369	56.9308	17.0607
SAMN03351360	56.9308	17.0607
SAMN03351363	56.9308	17.0607
SAMN09302810	56.93	17.06
SAMN07137036	22.75	-158.0
SAMN07137110	31.66	-64.16
SAMN02905560	18.9	-104.5
SAMN03860277	20.525	38.781
SAMN05991711	22.75	-158.0
SAMN05991655	22.75	-158.0
SAMD00080437	41.8736	146.3193
SAMN02905564	18.8	-104.7
SAMN07136704	24.0001	-22.0001
SAMN07136709	17.3516	-20.8167
SAMN07136559	22.333	-35.867
SAMN07136887	-32.5	-179.303
SAMD00080433	41.8736	146.3193
SAMN05422127	-32.8128	12.7692
SAMN05422170	-38.64	150.41
SAMN05422137	-28.4063	179.1413
SAMN05422153	12.0	-108.06
SAMD00080420	36.064	142.7279
SAMD00080413	29.15	142.8012
SAMN07136674	-2.6505	-28.9172
SAMN07136703	24.0001	-22.0001
SAMN03943730	26.0059	-92.3661
SAMN07137068	31.66	-64.16
SAMN07136562	31.7535	-64.175
SAMN06266118	54.1883	7.9
SAMN06266119	54.1883	7.9
SAMN06266120	54.1883	7.9
SAMN06266123	54.1883	7.9
SAMN06266122	54.1883	7.9
SAMN06266126	54.1883	7.9
SAMN03173242	54.1842	7.9
SAMEA2621528	-62.0874	-49.431
SAMEA104408693	54.5381	10.0478
SAMN02954152	38.0685	-0.231994
SAMEA4699796	42.52	3.18
SAMEA4699801	42.52	3.18
SAMEA4699802	42.52	3.18
SAMN07136943	-40.0194	0.88755
SAMN07136686	-44.7117	-45.5265
SAMN07136690	-42.364	-44.0318
SAMN07136924	-36.4846	13.276
SAMN07136932	-38.4254	10.0888
SAMN09092453	33.55	-118.4
SAMN07510716	46.61	152.052
SAMN04325107	36.5908	18.6942
SAMN07136895	-32.4937	-169.9952
SAMN07136883	-32.5	-179.303
SAMEA4699809	42.52	3.18
SAMEA4699810	42.52	3.18
SAMN09092236	33.55	-118.4
SAMN09092438	33.55	-118.4
SAMN09091655	33.55	-118.4
SAMN09092247	33.55	-118.4
SAMN09091898	33.55	-118.4
SAMEA2621839	-32.7888	-87.0805
SAMN03860258	17.662	40.905
SAMN03860280	22.046	37.929
SAMN03860279	22.046	37.929
SAMN03860281	22.046	37.929
SAMN03860263	17.996	39.799
SAMN09091863	33.55	-118.4
SAMN09092267	33.55	-118.4
SAMN09091852	33.55	-118.4
SAMN09092235	33.55	-118.4
SAMEA4699798	42.52	3.18
SAMEA4699807	42.52	3.18
SAMN09201454	36.8313	-121.9047
SAMN09201857	36.8313	-121.9047
SAMN09201605	36.8313	-121.9047
SAMN09201452	36.8313	-121.9047
SAMN09201851	36.8313	-121.9047
SAMN09202067	36.8313	-121.9047
SAMN09201850	36.8313	-121.9047
SAMN09201849	36.8313	-121.9047
SAMN09202069	36.8313	-121.9047
SAMN09202469	36.8313	-121.9047
SAMN09201451	36.8313	-121.9047
SAMN09201603	36.8313	-121.9047
SAMN09201847	36.8313	-121.9047
SAMN09201682	36.8313	-121.9047
SAMN09201602	36.8313	-121.9047
SAMN09202493	36.8313	-121.9047
SAMN09201683	36.8313	-121.9047
SAMN09201444	36.8313	-121.9047
SAMN09202070	36.8313	-121.9047
SAMN09202071	36.8313	-121.9047
SAMN09201541	36.8313	-121.9047
SAMN09201540	36.8313	-121.9047
SAMN09201539	36.8313	-121.9047
SAMN09201684	36.8313	-121.9047
SAMN09201441	36.8313	-121.9047
SAMN09202075	36.8313	-121.9047
SAMN09201537	36.8313	-121.9047
SAMN09201536	36.8313	-121.9047
SAMN09201535	36.8313	-121.9047
SAMN09201686	36.8313	-121.9047
SAMN09201440	36.8313	-121.9047
SAMN09202113	36.8313	-121.9047
SAMN09201533	36.8313	-121.9047
SAMN09201532	36.8313	-121.9047
SAMN09202114	36.8313	-121.9047
SAMN10351355	36.8313	-121.9047
SAMN10351037	36.8313	-121.9047
SAMN10351047	36.8313	-121.9047
SAMN10350895	36.8313	-121.9047
SAMN10350894	36.8313	-121.9047
SAMN10351036	36.8313	-121.9047
SAMN10351356	36.8313	-121.9047
SAMN10351091	36.8313	-121.9047
SAMN10351092	36.8313	-121.9047
SAMN10351050	36.8313	-121.9047
SAMN10351051	36.8313	-121.9047
SAMN10351067	36.8313	-121.9047
SAMEA2621812	-33.8718	-73.0452
SAMEA104210870	33.454	-118.475
SAMN09091846	33.55	-118.4
SAMN09091897	33.55	-118.4
SAMN09092450	33.55	-118.4
SAMN09091901	33.55	-118.4
SAMN09091851	33.55	-118.4
SAMN09092233	33.55	-118.4
SAMN09091899	33.55	-118.4
SAMN09092237	33.55	-118.4
SAMN09092251	33.55	-118.4
SAMN09092252	33.55	-118.4
SAMN09201453	36.8313	-121.9047
SAMN07137061	22.75	-158.0
SAMN07137031	22.75	-158.0
SAMN07137010	22.75	-158.0
SAMN07136666	-9.1608	-28.0012
SAMN07136550	22.333	-35.867
SAMN03860275	20.525	38.781
SAMN03860274	20.525	38.781
SAMN03860285	23.604	37.054
SAMN03860291	25.772	36.116
SAMN03860293	25.772	36.116
SAMN03860292	25.772	36.116
SAMN03860262	17.996	39.799
SAMN06183610	24.55	-156.58
SAMN06183608	24.54	-156.63
SAMN07224095	24.59	-156.52
SAMN03860261	17.996	39.799
SAMN07137093	31.66	-64.16
SAMN07137014	22.75	-158.0
SAMN07136741	-30.0	167.0
SAMEA104408601	56.867	11.4339
SAMEA4397472	74.801	76.1178
SAMN03351375	56.9308	17.0607
SAMN03351378	56.9308	17.0607
SAMN03351379	56.9308	17.0607
SAMN03351364	56.9308	17.0607
SAMN09302809	56.93	17.06
SAMN09302798	56.93	17.06
SAMEA4397426	77.2314	73.2248
SAMEA104408592	58.1323	10.0
SAMN06268553	17.43	-59.83
SAMEA2619992	20.8322	63.6004
SAMN06268549	15.909	-124.474
SAMN06268551	12.0	-108.06
SAMEA4396489	54.6155	-16.7036
SAMEA2621487	-60.2946	-60.5786
SAMEA2620413	-9.40165	66.3754
SAMEA2620565	-17.0978	53.9788
SAMEA2620668	-15.3298	43.2896
SAMEA2621213	-20.9714	-35.2574
SAMEA2623327	14.1746	-116.6627
SAMN06268546	9.22	-163.53
SAMEA4397798	71.0704	174.9916
SAMN06266114	54.1883	7.9
SAMN03169779	54.1742	7.9
SAMEA4699795	42.52	3.18
SAMN09302805	56.93	17.06
SAMEA2619766	39.3744	19.3994
SAMN07357611	38.0685	-0.231994
SAMEA4699785	42.52	3.18
SAMEA4699800	42.52	3.18
SAMEA4396941	67.1398	0.2399
SAMEA4397023	67.2182	0.2857
SAMEA4397051	76.1744	1.63035
SAMEA4397445	77.2314	73.2248
SAMEA4397489	74.801	76.1178
SAMEA4398001	74.3048	-85.6984
SAMEA4398315	64.7368	-53.0588
SAMEA2622473	-16.9578	-100.663
SAMEA4397536	74.8283	76.2096
SAMEA4398238	70.9279	-53.5238
SAMEA2621085	-20.4034	-3.1884
SAMEA2621191	-8.79365	-17.9088
SAMEA2621229	-21.0484	-35.371
SAMEA2621300	-30.2463	-43.292
SAMN06268547	21.064	-150.319
SAMN06268552	10.093	-99.246
SAMEA2621107	-20.3716	-3.215
SAMN06268543	-28.406	179.141
SAMN05422189	-25.49	-179.52
SAMN05422140	21.0638	-150.3192
SAMN05422120	10.0927	-99.2462
SAMN05422147	-31.81	6.84
SAMN05421913	-27.9783	63.2478
SAMN05421555	-5.75	-170.7407
SAMN05422113	9.22	-163.53
SAMN05422175	17.43	-59.83
SAMN05422133	19.9897	-52.6367
SAMN06268544	-25.49	-179.52
SAMN06268554	19.99	-52.637
SAMN09302803	56.93	17.06
SAMN09302802	56.93	17.06
SAMN09302793	56.93	17.06
SAMN09302794	56.93	17.06
SAMN03351393	56.9308	17.0607
SAMN03351399	56.9308	17.0607
SAMN03351397	56.9308	17.0607
SAMN03351390	56.9308	17.0607
SAMN03351386	56.9308	17.0607
SAMN03351383	56.9308	17.0607
SAMN03351407	56.9308	17.0607
SAMN03351372	56.9308	17.0607
SAMN03351374	56.9308	17.0607
SAMEA4699806	42.52	3.18
SAMN06264408	54.1883	7.9
SAMN06265151	54.1883	7.9
SAMN06267311	54.1883	7.9
SAMN06267310	54.1883	7.9
SAMN06266113	54.1883	7.9
SAMN06264411	54.1883	7.9
SAMN06264410	54.1883	7.9
SAMN06266121	54.1883	7.9
SAMN03169777	54.1742	7.9
SAMN03860289	23.604	37.054
SAMN03860301	27.897	34.507
SAMN05422121	29.97	-23.69
SAMEA4396441	54.5525	-16.882
SAMEA4397091	76.0702	1.38595
SAMEA2620227	14.5456	70.0186
SAMEA4398387	61.532	-55.9921
SAMEA4398432	61.5441	-55.9866
SAMEA4396988	67.1705	0.44225
SAMN09765683	22.75	-158.0
SAMN09765713	22.75	-158.0
SAMEA4397756	71.5697	160.9403
SAMEA4398027	74.3102	-85.8462
SAMN05421561	-29.6525	92.9852
SAMEA4397101	72.5864	44.1172
SAMN09201680	36.8313	-121.9047
SAMN09201852	36.8313	-121.9047
SAMN09202066	36.8313	-121.9047
SAMN09201846	36.8313	-121.9047
SAMN07510715	53.991	162.388
SAMN07510718	45.721	147.943
SAMN07136523	16.8312	-56.2685
SAMN10839292	37.3536	-0.286194
SAMN07137115	31.66	-64.16
SAMN07136627	22.3411	-63.5833
SAMN07136622	24.7143	-67.0726
SAMN09765715	22.75	-158.0
SAMEA4396515	54.535	-16.7416
SAMEA4397295	78.9343	79.0758
SAMEA4398083	74.3368	-85.5811
SAMEA4397586	78.2855	91.788
SAMEA4397722	77.9842	116.5627
SAMEA4397118	72.5864	44.1172
SAMEA4397215	72.5364	44.0742
SAMEA2620078	18.5812	66.5622
SAMEA2620094	18.5759	66.4654
SAMEA2620120	18.7346	66.3896
SAMEA2620210	14.553	69.9888
SAMEA2620360	0.0033	71.6428
SAMEA2620384	-0.6624	73.161
SAMEA4397363	79.2169	66.4788
SAMEA4398360	64.7299	-53.0583
SAMEA4398193	70.964	-53.5978
SAMEA2622685	-8.97545	-139.2412
SAMN09302806	56.93	17.06
SAMN09765695	22.75	-158.0
SAMEA2620273	5.99975	73.9104
SAMEA2619950	20.8167	63.5046
SAMEA2621416	-47.1884	-58.2792
SAMEA2621448	-47.1608	-57.8856
SAMEA4397174	72.5702	44.1378
SAMEA4397627	78.3476	91.625
SAMEA4397666	77.9162	117.0742
SAMEA4397815	71.0704	174.9916
SAMEA4398266	69.1115	-51.5727
SAMEA2619903	18.3992	39.865
SAMN06268555	29.97	-23.69
SAMEA2619677	35.7491	14.2948
SAMEA2622788	-9.1528	-140.525
SAMEA4397649	77.9162	117.0742
SAMEA2622656	-8.9846	-139.2352
SAMN07137007	22.75	-158.0
SAMN06183609	24.55	-156.58
SAMN07224089	24.53	-156.65
SAMN07224107	24.5	-156.31
SAMN07224099	24.58	-156.42
SAMN07224091	24.54	-156.63
SAMN07224094	24.56	-156.56
SAMEA2621779	-33.97	-73.0718
SAMEA4397705	77.9842	116.5627
SAMEA4397034	76.1744	1.63035
SAMEA2621509	-62.0874	-49.431
SAMEA4397842	73.3833	-168.2333
SAMN03351361	56.9308	17.0607
SAMEA2620979	-32.2401	17.7052
SAMN07136923	-36.4846	13.276
SAMN06183620	24.58	-156.38
SAMN07224112	24.48	-156.3
SAMN05213998	38.2833	-0.25
SAMEA2620991	-32.2401	17.7052
SAMN09765675	22.75	-158.0
SAMN09765678	22.75	-158.0
SAMN09765700	22.75	-158.0
SAMEA4699786	42.52	3.18
SAMEA4699808	42.52	3.18
SAMEA4397409	79.4086	66.2404
SAMEA2591108	33.9191	32.8696
SAMN05992379	37.3536	-0.286194
SAMN07136623	24.7143	-67.0726
SAMN07136761	33.4334	-58.0503
SAMEA4699787	42.52	3.18
SAMEA4699799	42.52	3.18
SAMEA4699788	42.52	3.18
SAMN09710606	22.75	-158.0
SAMEA4397948	71.9052	-154.9234
SAMN09302808	56.93	17.06
SAMN09302792	56.93	17.06
SAMEA2620947	-34.9218	17.9744
SAMEA2620967	-34.8689	18.0798
SAMEA2621010	-31.0379	4.66455
SAMEA2621033	-31.0264	4.68135
SAMEA2622166	-12.9426	-96.0891
SAMEA2622190	-5.25345	-85.1896
SAMEA2622497	-16.9637	-100.7038
SAMEA2620663	-15.3367	43.2936
SAMEA2619815	30.9975	30.9733
SAMEA2620879	-35.1908	26.29
SAMEA2620925	-35.2474	26.3109
SAMEA2622242	-5.25725	-85.3038
SAMEA4397255	78.9393	79.3224
SAMEA4397859	73.3833	-168.2333
SAMEA4397920	73.3183	-168.8586
SAMEA4398111	72.4731	-71.9124
SAMEA4398168	72.4077	-71.9524
SAMEA2621548	-62.2444	-49.1898
SAMEA2622517	-16.9606	-100.6674
SAMN06268545	-5.75	-170.741
SAMN06268550	14.53	-118.77
SAMN06268556	32.0788	-17.2662
SAMN09302799	56.93	17.06
SAMEA2620812	-29.5021	37.9927
SAMEA2621271	-30.1626	-43.2865
SAMEA2622112	-12.9756	-96.0026
SAMN05213993	38.2833	-0.25
SAMN09710604	22.75	-158.0
SAMN09765704	22.75	-158.0
SAMN09765698	22.75	-158.0
SAMN07136661	-17.0173	-30.6052
SAMN07137067	31.66	-64.16
SAMN07137118	31.66	-64.16
SAMN07137097	31.66	-64.16
SAMN07137088	31.66	-64.16
SAMN07137094	31.66	-64.16
SAMN07136662	-12.8957	-29.2335
SAMN07136643	28.0905	-67.5015
SAMN08390924	31.66	-64.16
SAMN05213967	38.2833	-0.25
SAMEA2591132	33.9268	32.772
SAMEA2619747	39.8394	17.4154
SAMN03351371	56.9308	17.0607
SAMN10351090	36.8313	-121.9047
SAMEA4699782	42.52	3.18
SAMN07136694	-39.9648	-42.4232
SAMN07136679	-49.5475	-52.6885
SAMN07137064	31.66	-64.16
SAMN07137103	31.66	-64.16
SAMN07137109	31.66	-64.16
SAMN07137112	31.66	-64.16
SAMN07136638	31.6667	-64.167
SAMN07357610	38.0685	-0.231994
SAMN07136698	-35.0093	-39.431
SAMN07137085	31.66	-64.16
SAMN06183601	24.39	-156.77
SAMN06183611	24.56	-156.56
SAMN06183624	24.5	-156.31
SAMN06183599	24.37	-156.8
SAMN07136507	34.3277	-55.4316
SAMN03860259	17.662	40.905
SAMN07137076	31.66	-64.16
SAMN07137106	31.66	-64.16
SAMN07136583	27.583	-49.633
SAMEA2622752	-8.90345	-140.2853
SAMEA2620256	6.00625	73.897
SAMEA2619779	39.3744	19.3994
SAMEA2619791	39.3874	19.4082
SAMN09765703	22.75	-158.0
SAMEA2619854	23.42	37.2484
SAMEA2622763	-9.1528	-140.525
SAMN07224083	24.39	-156.77
SAMN07224086	24.46	-156.74
SAMN07224096	24.6	-156.51
SAMN07224090	24.54	-156.64
SAMN09765708	22.75	-158.0
SAMN07136940	-40.0194	0.88755
SAMN07136941	-40.0194	0.88755
SAMN07136939	-40.0194	0.88755
SAMN07136944	-40.0194	0.88755
SAMEA2621564	-61.9794	-49.4315
SAMN08390922	22.75	-158.0
SAMN07136520	9.5462	-50.4686
SAMEA2622212	-5.26905	-85.2336
SAMN07136650	-32.092	-37.4563
SAMN07224092	24.55	-156.58
SAMN09765711	22.75	-158.0
SAMEA2622331	2.0262	-84.5648
SAMN09302807	56.93	17.06
SAMN09302800	56.93	17.06
SAMEA2621061	-31.0203	4.6867
SAMEA2621151	-8.77885	-17.9098
SAMEA2621285	-30.149	-43.2596
SAMEA2622705	-8.98475	-139.1835
SAMEA2622725	-8.90095	-140.3002
SAMEA2623365	6.33235	-102.9458
SAMEA2623385	6.3366	-102.9942
SAMN05213968	38.2833	-0.25
SAMEA2620065	18.5812	66.5622
SAMN09710617	22.75	-158.0
SAMN09710612	22.75	-158.0
SAMN09710613	22.75	-158.0
SAMN09710615	22.75	-158.0
SAMN09710608	22.75	-158.0
SAMN09710610	22.75	-158.0
SAMN09710611	22.75	-158.0
SAMN09710607	22.75	-158.0
SAMN09710618	22.75	-158.0
SAMN09710601	22.75	-158.0
SAMN09710603	22.75	-158.0
SAMN09710598	22.75	-158.0
SAMN09710600	22.75	-158.0
SAMN09765712	22.75	-158.0
SAMN09765701	22.75	-158.0
SAMN09765699	22.75	-158.0
SAMN09765696	22.75	-158.0
SAMN09765702	22.75	-158.0
SAMN09765707	22.75	-158.0
SAMN09765693	22.75	-158.0
SAMN09765687	22.75	-158.0
SAMN09765688	22.75	-158.0
SAMN09765689	22.75	-158.0
SAMN09710602	22.75	-158.0
SAMN09765680	22.75	-158.0
SAMN09765706	22.75	-158.0
SAMN09765697	22.75	-158.0
SAMN09765714	22.75	-158.0
SAMN09765710	22.75	-158.0
SAMN09765690	22.75	-158.0
SAMN07137025	22.75	-158.0
SAMN05991675	22.75	-158.0
SAMN05991673	22.75	-158.0
SAMN07136787	-32.5	-170.0
SAMN07136817	-32.4995	-154.9993
SAMN07136904	-32.499	-169.0023
SAMN05422104	29.97	-23.69
SAMN05991670	22.75	-158.0
SAMD00080426	11.3699	142.4301
SAMN05991687	22.75	-158.0
SAMN07224084	24.39	-156.77
SAMN03860273	20.525	38.781
SAMN07136866	-32.494	-153.0057
SAMN07136874	-32.4957	-151.0007
SAMN07136792	-32.5	-172.0
SAMN07136786	-32.5	-170.0
SAMN07136896	-32.4937	-169.9952
SAMN07136893	-32.4937	-169.9952
SAMN07136894	-32.4937	-169.9952
SAMN07136902	-32.499	-169.0023
SAMN07136901	-32.499	-169.0023
SAMN07136721	-32.495	-157.9945
SAMN07136813	-32.4995	-154.9993
SAMN07136819	-32.5013	-153.9982
SAMN07136908	-32.495	-168.002
SAMN07136865	-32.494	-153.0057
SAMN07136864	-32.4637	-159.0193
SAMN07136870	-32.4885	-151.9995
SAMN07136868	-32.4885	-151.9995
SAMN07136696	-37.8305	-41.1248
SAMN07136838	-32.4985	-165.9988
SAMN07136889	-32.4967	-170.9953
SAMN07136890	-32.4967	-170.9953
SAMN07136891	-32.4967	-170.9953
SAMN07136483	49.7225	-42.4467
SAMN02954009	38.0685	-0.231994
SAMEA104210872	33.71	-118.254
SAMN07136648	-35.0093	-39.431
SAMN07224081	24.35	-156.8
SAMN07224088	24.5	-156.69
SAMN07224085	24.42	-156.76
SAMN07224101	24.58	-156.41
SAMN07224087	24.48	-156.72
SAMN07224093	24.55	-156.58
SAMN07224098	24.59	-156.44
SAMN07224097	24.6	-156.5
SAMN07136785	-32.5	-170.0
SAMN07136818	-32.5013	-153.9982
SAMN07136795	-32.4957	-164.9923
SAMN07137016	22.75	-158.0
SAMN07136822	-32.5013	-153.9982
SAMN07136512	34.3277	-55.4316
SAMN07136535	24.1497	-40.2179
SAMN07136536	24.1497	-40.2179
SAMN05991658	22.75	-158.0
SAMN07136561	31.7535	-64.175
SAMN07136560	31.7535	-64.175
SAMN02905558	18.9	-104.5
SAMN02905559	18.9	-104.5
SAMN07136710	17.3516	-20.8167
SAMN07136580	17.4	-24.5
SAMN07136824	-32.4948	-154.0042
SAMN05422110	-26.91	-21.43
SAMN07136682	-48.9358	-48.7933
SAMEA2622667	-8.9846	-139.2352
SAMEA2622852	-8.9051	-142.5614
SAMN07136687	-44.7117	-45.5265
SAMN07136706	17.3516	-20.8167
SAMN05422169	-28.62	-11.8
SAMN09302804	56.93	17.06
SAMN09302814	56.93	17.06
SAMN09302813	56.93	17.06
SAMEA2620421	-9.40165	66.3754
SAMN06268548	18.04	-133.26
SAMEA2622676	-8.97545	-139.2412
SAMN09302797	56.93	17.06
SAMEA2619625	41.1686	2.7996
SAMEA4397747	78.0912	116.1096
SAMEA2619686	35.756	14.3109
SAMEA2620014	19.0368	64.5038
SAMEA2620027	19.0196	64.5223
SAMEA2620053	19.0134	64.5698
SAMEA2620783	-22.3388	40.3428
SAMEA2620198	14.553	69.9888
SAMN05422168	32.0788	-17.2662
SAMN07136629	22.3411	-63.5833
SAMN09092449	33.55	-118.4
SAMN09091900	33.55	-118.4
SAMN09092269	33.55	-118.4
SAMN07137052	22.75	-158.0
SAMN09302791	56.93	17.06
SAMN07136689	-42.364	-44.0318
SAMN07136645	28.0905	-67.5015
SAMN07137100	31.66	-64.16
SAMN07136692	-39.9648	-42.4232
SAMN03351381	56.9308	17.0607
SAMN09302815	56.93	17.06
SAMN09092234	33.55	-118.4
SAMN05422114	14.52	-26.0
SAMN07136558	22.333	-35.867
SAMN07136582	17.4	-24.5
SAMN05213997	38.2833	-0.25
SAMN07137022	22.75	-158.0
SAMN07137017	22.75	-158.0
SAMN07136774	-30.0	156.0
SAMN05991651	22.75	-158.0
SAMN09091654	33.55	-118.4
SAMN07136695	-37.8305	-41.1248
SAMN07137043	22.75	-158.0
SAMN07137013	22.75	-158.0
SAMN07136621	19.4334	-29.3832
SAMEA2622694	-8.98475	-139.1835
SAMN03351365	56.9308	17.0607
SAMEA4397772	71.5697	160.9403
SAMEA2622810	-9.0692	-140.616
SAMN09092268	33.55	-118.4
SAMEA2620004	19.0368	64.5038
SAMN09091886	33.55	-118.4
SAMEA2622142	-12.9474	-96.0527
SAMN07136628	22.3411	-63.5833
SAMN07136644	28.0905	-67.5015
SAMEA2622832	-8.90305	-142.59
SAMN07136570	26.1369	-44.8262
SAMN07136552	22.333	-35.867
SAMN07136708	17.3516	-20.8167
SAMEA2619923	18.4658	39.8525
SAMEA2620852	-29.5228	37.8852
SAMN07136998	22.75	-158.0
SAMN07136766	-29.998	153.5
SAMN07224082	24.37	-156.8
SAMN07224103	24.58	-156.38
SAMN09091845	33.55	-118.4
SAMN07136652	-29.0538	-35.8078
SAMN07136515	13.1623	-53.4215
SAMN02905556	18.9	-104.5
SAMN07136597	39.6922	-69.8629
SAMD00080412	29.15	142.8012
SAMN07136673	-2.6505	-28.9172
SAMN07136860	-32.5103	-160.0078
SAMN07136851	-32.4978	-160.9928
SAMN07136847	-32.509	-162.009
SAMN07136850	-32.509	-162.009
SAMN07136845	-32.5063	-162.9935
SAMN07136804	-32.5043	-163.9897
SAMN07136808	-32.5038	-156.0107
SAMN07136835	-32.4985	-165.9988
SAMN07136840	-32.4957	-164.9923
SAMN07136800	-32.5043	-163.9897
SAMN07136905	-32.499	-169.0023
SAMN07136746	-30.0	170.877
SAMN07136747	-30.0	170.877
SAMN07136892	-32.4967	-170.9953
SAMN07136772	-30.0	154.003
SAMN07136767	-29.998	153.5
